CREATE TABLE usuario
(
  codigo SERIAL                 NOT NULL,
  nome   CHARACTER VARYING(50)  NOT NULL,
  email  CHARACTER VARYING(50)  NOT NULL,
  senha  CHARACTER VARYING(150) NOT NULL,

  CONSTRAINT pk_usuario PRIMARY KEY (codigo)
);

CREATE TABLE permissao
(
  codigo    SERIAL                NOT NULL,
  descricao CHARACTER VARYING(50) NOT NULL,

  CONSTRAINT pk_permissao PRIMARY KEY (codigo)
);

CREATE TABLE usuario_permissao
(
  codigo_usuario   INTEGER NOT NULL,
  codigo_permissao INTEGER NOT NULL
);
ALTER TABLE usuario_permissao ADD PRIMARY KEY (codigo_usuario, codigo_permissao);
ALTER TABLE usuario_permissao ADD FOREIGN KEY (codigo_usuario) REFERENCES usuario(codigo);
ALTER TABLE usuario_permissao ADD FOREIGN KEY (codigo_permissao) REFERENCES permissao(codigo);

-- INSERTS
INSERT INTO usuario (codigo, nome, email, senha) VALUES (1, 'Administrador', 'admin@algamoney.com', '$2a$10$X607ZPhQ4EgGNaYKt3n4SONjIv9zc.VMWdEuhCuba7oLAL5IvcL5.');
INSERT INTO usuario (codigo, nome, email, senha) VALUES (2, 'Maria Silva', 'maria@algamoney.com', '$2a$10$Zc3w6HyuPOPXamaMhh.PQOXvDnEsadztbfi6/RyZWJDzimE8WQjaq');

INSERT INTO permissao (codigo, descricao) VALUES (1, 'ROLE_CADASTRAR_CATEGORIA');
INSERT INTO permissao (codigo, descricao) VALUES (2, 'ROLE_PESQUISAR_CATEGORIA');

INSERT INTO permissao (codigo, descricao) VALUES (3, 'ROLE_CADASTRAR_PESSOA');
INSERT INTO permissao (codigo, descricao) VALUES (4, 'ROLE_REMOVER_PESSOA');
INSERT INTO permissao (codigo, descricao) VALUES (5, 'ROLE_PESQUISAR_PESSOA');

INSERT INTO permissao (codigo, descricao) VALUES (6, 'ROLE_CADASTRAR_LANCAMENTO');
INSERT INTO permissao (codigo, descricao) VALUES (7, 'ROLE_REMOVER_LANCAMENTO');
INSERT INTO permissao (codigo, descricao) VALUES (8, 'ROLE_PESQUISAR_LANCAMENTO');

-- admin
INSERT INTO usuario_permissao (codigo_usuario, codigo_permissao) VALUES (1, 1);
INSERT INTO usuario_permissao (codigo_usuario, codigo_permissao) VALUES (1, 2);
INSERT INTO usuario_permissao (codigo_usuario, codigo_permissao) VALUES (1, 3);
INSERT INTO usuario_permissao (codigo_usuario, codigo_permissao) VALUES (1, 4);
INSERT INTO usuario_permissao (codigo_usuario, codigo_permissao) VALUES (1, 5);
INSERT INTO usuario_permissao (codigo_usuario, codigo_permissao) VALUES (1, 6);
INSERT INTO usuario_permissao (codigo_usuario, codigo_permissao) VALUES (1, 7);
INSERT INTO usuario_permissao (codigo_usuario, codigo_permissao) VALUES (1, 8);

-- maria
INSERT INTO usuario_permissao (codigo_usuario, codigo_permissao) VALUES (2, 2);
INSERT INTO usuario_permissao (codigo_usuario, codigo_permissao) VALUES (2, 5);
INSERT INTO usuario_permissao (codigo_usuario, codigo_permissao) VALUES (2, 8);